{"f1_score": 0.7313011288642883, "iou_binary": 0.5764183402061462, "loss": 0.3524410128593445, "mean_iou": 0.3990331292152405, "precision": 0.8698226809501648, "recall": 0.6308386325836182}