{"f1_score": 0.7943740487098694, "iou_binary": 0.6588894128799438, "loss": 0.18488983809947968, "mean_iou": 0.4630807936191559, "precision": 0.8275801539421082, "recall": 0.7637300491333008}