{"f1_score": 0.7672698497772217, "iou_binary": 0.6224151253700256, "loss": 0.1781129091978073, "mean_iou": 0.4813145101070404, "precision": 0.7835210561752319, "recall": 0.7516791820526123}