{"f1_score": 0.746957004070282, "iou_binary": 0.5961145758628845, "loss": 0.367281049489975, "mean_iou": 0.4630807936191559, "precision": 0.750997006893158, "recall": 0.7429604530334473}