{"f1_score": 0.7245972752571106, "iou_binary": 0.5681322813034058, "loss": 0.19468039274215698, "mean_iou": 0.4853910505771637, "precision": 0.7216383218765259, "recall": 0.7275807857513428}