{"f1_score": 0.844501793384552, "iou_binary": 0.7308552861213684, "loss": 0.10844447463750839, "mean_iou": 0.6070337295532227, "precision": 0.9194244742393494, "recall": 0.7808699011802673}