{"f1_score": 0.7981318831443787, "iou_binary": 0.6640760898590088, "loss": 0.18002575635910034, "mean_iou": 0.474277138710022, "precision": 0.8072356581687927, "recall": 0.7892311811447144}