{"f1_score": 0.822579026222229, "loss": 0.18169346451759338}