{"f1_score": 0.7074877023696899, "iou_binary": 0.5473740696907043, "loss": 0.19887925684452057, "mean_iou": 0.4815879166126251, "precision": 0.7492871880531311, "recall": 0.670105516910553}